unit_id,orig_cust_id,unit_type,visit_index,required_visit_count,weight_kg,volume_m3,tw_start_min,tw_end_min,eligible_vehicle_types,source_order_ids
0,2,normal,1,1,14.89,0.04317,593,649,"fuel_3000,fuel_1500,fuel_1250,ev_3000,ev_1250",189
1,3,normal,1,1,235.0181,0.70348,393,441,"fuel_3000,fuel_1500,fuel_1250,ev_3000,ev_1250","1,116,165,212,265"
2,4,normal,1,1,1443.5621,3.490997,689,757,"fuel_3000,fuel_1500,ev_3000","11,17,61,70,136,148,187,216,221,243,271,282"
3,5,normal,1,1,731.6005,2.31239,688,746,"fuel_3000,fuel_1500,fuel_1250,ev_3000,ev_1250","9,29,43,46,52,81,88,89,96,103,112,126,128,152,157,166,177,238,254,267,279,292,293"
4,9,normal,1,1,2577.339131,6.65072,126,212,"fuel_3000,ev_3000","2,45,54,59,64,71,86,100,101,129,131,155,159,161,162,163,181,183,184,186,190,192,194,200,201,211,219,231,237,248,253,260,264,281,289,294,297"
5,11,normal,1,1,1325.5301,4.36316,209,290,"fuel_3000,fuel_1500,ev_3000","18,49,63,84,144,145,153,188,209,210,218,222,234,244,245,246,256,258,273,298"
6,12,normal,1,1,1726.8416,4.521751,415,470,"fuel_3000,ev_3000","33,99,105,115,154,195,223,229,274,276,277,284,288,300"
7,13,normal,1,1,540.0868,1.27918,250,306,"fuel_3000,fuel_1500,fuel_1250,ev_3000,ev_1250","28,36,72,92,180,270,278"
8,16,normal,1,1,85.2,0.1931,77,161,"fuel_3000,fuel_1500,fuel_1250,ev_3000,ev_1250","518,760,1401"
9,19,normal,1,1,9.3722,0.07403,675,748,"fuel_3000,fuel_1500,fuel_1250,ev_3000,ev_1250",1701
10,24,normal,1,1,1262.1673,2.95599,531,616,"fuel_3000,fuel_1500,ev_3000","385,617,1384,1509,2024"
11,25,normal,1,1,2528.1351,5.33839,499,569,"fuel_3000,ev_3000","1548,1778,2017,2074,2135"
12,26,normal,1,1,45.8132,0.1362,470,552,"fuel_3000,fuel_1500,fuel_1250,ev_3000,ev_1250","452,1453,1454"
13,29,normal,1,1,873.945,2.04764,578,663,"fuel_3000,fuel_1500,fuel_1250,ev_3000,ev_1250","334,1011,1139"
14,30,normal,1,1,334.852,0.73178,212,302,"fuel_3000,fuel_1500,fuel_1250,ev_3000,ev_1250","1382,1439,1850,1961"
15,32,normal,1,1,442.3342,1.12524,308,384,"fuel_3000,fuel_1500,fuel_1250,ev_3000,ev_1250","679,855,873,1189,1462,1517,1524,1966,2028,2046,2163"
16,33,normal,1,1,527.2666,1.37982,166,251,"fuel_3000,fuel_1500,fuel_1250,ev_3000,ev_1250","930,1311,1365,1669,1717,1774,1823,2055,2127"
17,34,normal,1,1,364.0498,1.5211,655,728,"fuel_3000,fuel_1500,fuel_1250,ev_3000,ev_1250","960,1229,1253,1363,1427,1443,1466,1614,1969,2080"
18,35,normal,1,1,1692.5786,3.88436,89,172,"fuel_3000,ev_3000","397,449,475,771,857,946,1195,1242,1264,1333,1633,1661,1687,1785"
19,37,normal,1,1,564.949,1.8194,85,163,"fuel_3000,fuel_1500,fuel_1250,ev_3000,ev_1250","443,582,923,1063,1254,1260,1292,1307,1357,1496,1531,1657,1871"
20,38,normal,1,1,1261.7326,4.06727,148,214,"fuel_3000,fuel_1500,ev_3000","398,427,506,530,925,949,1039,1143,1204,1232,1268,1293,1387,1497,1653,1697,1797,1876,1894,1962,2082"
21,40,normal,1,1,2691.1358,7.9507,592,664,"fuel_3000,ev_3000","314,663,763,906,997,1005,1140,1473,1537,1562,1637,1654,1685,1757,1836,1897,2006"
22,41,normal,1,1,2786.4185,7.943983,278,351,"fuel_3000,ev_3000","316,405,473,544,589,591,593,683,686,830,843,952,968,984,994,1008,1029,1233,1238,1286,1297,1346,1362,1656,1679,1715,1719,1730,1804,1805,1964,1984,2075,2138,2159"
23,47,normal,1,1,2803.414845,8.09606,655,715,"fuel_3000,ev_3000","339,363,393,445,453,492,501,503,567,574,638,736,775,879,881,907,953,967,1048,1081,1094,1301,1358,1400,1414,1542,1622,1625,1630,1635,1649,1652,1716,1752,1917,2023,2033,2126"
24,58,normal,1,1,2933.964,9.833463,378,443,"fuel_3000,ev_3000","382,407,436,441,495,499,514,549,620,672,780,812,849,872,896,905,983,991,1076,1089,1096,1255,1261,1276,1308,1309,1319,1344,1380,1450,1528,1560,1581,1768,1780,1859,1890,1955,1985,1986,2037,2040,2102,2105"
25,66,normal,1,1,2825.778817,8.6796,70,153,"fuel_3000,ev_3000","324,370,507,529,618,732,765,808,854,862,875,1023,1056,1088,1133,1249,1275,1388,1441,1455,1490,1512,1523,1574,1663,1683,1696,1758,1769,1798,1803,1846,2068,2069,2073,2140,2149,2158"
26,67,normal,1,1,2885.641443,8.92494,652,736,"fuel_3000,ev_3000","330,352,356,490,564,741,769,802,826,852,859,861,995,1004,1009,1120,1155,1162,1174,1202,1231,1247,1314,1327,1341,1373,1429,1502,1519,1534,1572,1592,1640,1647,1682,1689,1739,1742,1744,1755,1915,1935,1943,1978,1992,2025,2066,2094,2111,2157"
27,69,normal,1,1,2288.8859,6.06402,466,549,"fuel_3000,ev_3000","306,322,430,685,801,827,836,877,884,944,980,1010,1015,1288,1315,1433,1448,1480,1518,1584,1620,1672,1678,1709,1794,1819,1833,1852,1880,1941,2013,2108"
28,72,normal,1,1,2725.3232,7.50056,673,755,"fuel_3000,ev_3000","317,368,395,466,491,548,580,611,632,848,973,1040,1070,1077,1165,1208,1273,1274,1320,1330,1348,1397,1406,1463,1472,1573,1658,1662,1708,1710,1745,1800,1904,1923,1991,2027"
29,76,normal,1,1,1256.3017,4.028617,69,145,"fuel_3000,fuel_1500,ev_3000","302,655,668,737,739,834,1012,1065,1105,1212,1228,1270,1393,1498,1564,1889,2148"
30,77,normal,1,1,1968.2668,5.09682,656,737,"fuel_3000,ev_3000","323,335,493,560,749,821,868,1198,1338,1368,1492,1760,1818,1820,1857,2090,2104"
31,78,normal,1,1,1882.391,4.7241,714,775,"fuel_3000,ev_3000","487,657,698,793,908,945,1022,1121,1188,1199,1484,1559,1646,1655,1704,1707,1865,2060,2139,2152"
32,79,normal,1,1,2315.13,7.36652,95,165,"fuel_3000,ev_3000","320,523,554,587,602,697,728,853,1000,1303,1329,1395,1396,1775,1790,1829,1858"
33,80,normal,1,1,506.3405,1.90288,581,634,"fuel_3000,fuel_1500,fuel_1250,ev_3000,ev_1250","513,694,751,835,839,1085,1353,1724,2100"
34,81,normal,1,1,1343.6123,3.64803,544,608,"fuel_3000,fuel_1500,ev_3000","434,590,607,653,933,1284,1449,1675,1735,1796,1884,2061"
35,82,normal,1,1,1493.082,4.67276,221,302,"fuel_3000,fuel_1500,ev_3000","457,540,911,1122,1248,1404,1425,1536,1607,1851,1867,1879,2019"
36,83,normal,1,1,926.8409,2.79316,348,403,"fuel_3000,fuel_1500,fuel_1250,ev_3000,ev_1250","305,437,476,547,805,934,1296,1591,1801,1874"
37,84,normal,1,1,1605.2619,4.36803,494,549,"fuel_3000,ev_3000","914,1129,1278,1459,1494,1834,1860,1921,1998,2110"
38,85,normal,1,1,593.8303,1.42095,111,182,"fuel_3000,fuel_1500,fuel_1250,ev_3000,ev_1250","629,757,897,917,1119,1258,2032"
39,86,normal,1,1,532.895,2.84858,126,215,"fuel_3000,fuel_1500,fuel_1250,ev_3000,ev_1250","360,361,409,1058,1225,1891,1912"
40,87,normal,1,1,180.291,0.46473,198,282,"fuel_3000,fuel_1500,fuel_1250,ev_3000,ev_1250","310,347,359,1447,1638,2003"
41,88,normal,1,1,79.6007,0.53748,124,199,"fuel_3000,fuel_1500,fuel_1250,ev_3000,ev_1250","642,1347,1733"
42,89,normal,1,1,46.248,0.2733,491,553,"fuel_3000,fuel_1500,fuel_1250,ev_3000,ev_1250",469
43,90,normal,1,1,100.6088,0.22653,350,429,"fuel_3000,fuel_1500,fuel_1250,ev_3000,ev_1250","752,833,1127,2047"
44,91,normal,1,1,70.435,0.39102,520,599,"fuel_3000,fuel_1500,fuel_1250,ev_3000,ev_1250","1218,1239,1377,2079"
45,92,normal,1,1,1524.5125,3.82045,407,487,"fuel_3000,ev_3000","387,504,1568,1828"
46,93,normal,1,1,97.6961,0.33417,292,374,"fuel_3000,fuel_1500,fuel_1250,ev_3000,ev_1250","539,1617"
47,94,normal,1,1,9.186,0.01795,283,357,"fuel_3000,fuel_1500,fuel_1250,ev_3000,ev_1250",371
48,95,normal,1,1,109.35,0.29746,385,454,"fuel_3000,fuel_1500,fuel_1250,ev_3000,ev_1250",1999
49,97,normal,1,1,17.48,0.04201,342,431,"fuel_3000,fuel_1500,fuel_1250,ev_3000,ev_1250",651
50,98,normal,1,1,25.5,0.0646,678,761,"fuel_3000,fuel_1500,fuel_1250,ev_3000,ev_1250",958
51,6,mandatory_split,1,2,1499.0391,5.17355,226,299,"fuel_3000,fuel_1500,ev_3000","7,15,25,51,60,110,118,127,176,286,290,295"
52,6,mandatory_split,2,2,2974.6041,6.80965,226,299,"fuel_3000,ev_3000","13,19,24,32,35,38,40,104,119,149,156,204,206,217,224,259"
53,7,mandatory_split,1,4,1499.2446,3.51113,281,368,"fuel_3000,fuel_1500,ev_3000","34,65,66,76,139,196"
54,7,mandatory_split,2,4,1499.8194,4.16778,281,368,"fuel_3000,fuel_1500,ev_3000","44,87,133,150,158,257,280"
55,7,mandatory_split,3,4,2964.3738,7.3665,281,368,"fuel_3000,ev_3000","23,30,37,47,55,68,91,102,107,113,123,132,142,146,172,203,208,214,215,228,235,240,262,263,266,283,287,296,299"
56,7,mandatory_split,4,4,1499.795,3.431727,281,368,"fuel_3000,fuel_1500,ev_3000","20,75,79,236"
57,8,mandatory_split,1,4,2812.487003,8.38802,169,227,"fuel_3000,ev_3000","5,6,12,21,22,26,31,39,42,48,50,67,73,78,80,82,90,93,94,97,109,117,121,130,135,143,147,164,171,173,178,182,185,193,197,198,202,233,241,242,247,249,250,255,261,268,272,275,291"
58,8,mandatory_split,2,4,2996.1652,7.59747,169,227,"fuel_3000,ev_3000","160,167,252"
59,8,mandatory_split,3,4,2999.18642,11.94637,169,227,"fuel_3000,ev_3000","53,56,74,85,134,138,140,174,199"
60,8,mandatory_split,4,4,2999.9316,8.09516,169,227,"fuel_3000,ev_3000","27,98,106,141,169,175,225,226"
61,10,mandatory_split,1,3,906.8064,4.26313,700,749,"fuel_3000,fuel_1500,fuel_1250,ev_3000,ev_1250","3,8,10,41,62,69,77,83,95,108,111,114,120,122,124,125,137,151,168,170,205,207,213,220,227,230,232,239,251,285"
62,10,mandatory_split,2,3,1246.3786,5.46714,700,749,"fuel_3000,fuel_1500,fuel_1250,ev_3000,ev_1250","4,14,16,57,179,191,269"
63,10,mandatory_split,3,3,1606.8,4.82722,700,749,"fuel_3000,ev_3000",58
64,27,mandatory_split,1,2,1798.9699,4.32991,591,667,"fuel_3000,ev_3000",1206
65,27,mandatory_split,2,2,1434.6342,3.3098,591,667,"fuel_3000,fuel_1500,ev_3000","400,468,902,1043,1078,1158,1190,1809"
66,28,mandatory_split,1,3,1356.8821,3.10427,687,755,"fuel_3000,fuel_1500,ev_3000",773
67,28,mandatory_split,2,3,654.0499,1.69407,687,755,"fuel_3000,fuel_1500,fuel_1250,ev_3000,ev_1250","558,1946"
68,28,mandatory_split,3,3,1246.3795,3.16196,687,755,"fuel_3000,fuel_1500,fuel_1250,ev_3000,ev_1250","901,1177,1355,2012"
69,31,mandatory_split,1,3,784.5707,1.64776,529,586,"fuel_3000,fuel_1500,fuel_1250,ev_3000,ev_1250","516,578,783,1185,1415,1688,1832"
70,31,mandatory_split,2,3,2993.52505,6.898755,529,586,"fuel_3000,ev_3000",1686
71,31,mandatory_split,3,3,2993.52505,6.898755,529,586,"fuel_3000,ev_3000",1686
72,36,mandatory_split,1,2,2011.9702,6.13895,436,501,"fuel_3000,ev_3000",484
73,36,mandatory_split,2,2,1297.2845,4.16881,436,501,"fuel_3000,fuel_1500,ev_3000","497,562,586,818,874,989,1026,1138,1279,1289,1411,1552,1705,1869,2034,2162"
74,39,mandatory_split,1,3,1245.3641,2.86177,368,420,"fuel_3000,fuel_1500,fuel_1250,ev_3000,ev_1250","354,1632,2132"
75,39,mandatory_split,2,3,1301.3552,2.94734,368,420,"fuel_3000,fuel_1500,ev_3000",2054
76,39,mandatory_split,3,3,1478.1723,4.19806,368,420,"fuel_3000,fuel_1500,ev_3000","308,342,837,1050,1192,1283,1488,1501,1557,1636,1703,1718,2009,2016"
77,42,mandatory_split,1,4,2312.031,5.4625,134,201,"fuel_3000,ev_3000","337,1583"
78,42,mandatory_split,2,4,1243.2998,2.40594,134,201,"fuel_3000,fuel_1500,fuel_1250,ev_3000,ev_1250","746,1711"
79,42,mandatory_split,3,4,1314.856,3.252882,134,201,"fuel_3000,fuel_1500,ev_3000","312,380,399,742,1045,1539,1841,2070,2078,2084"
80,42,mandatory_split,4,4,1499.138559,4.21351,134,201,"fuel_3000,fuel_1500,ev_3000","351,477,804,883,1020,1304,1667,1690,1814,1971,1988"
81,43,mandatory_split,1,2,2064.0725,6.34897,533,617,"fuel_3000,ev_3000","321,386,416,545,553,654,768,781,786,794,800,924,969,974,1033,1256,1267,1458,1516,1551,1602,1783,1938,1993,2095,2114,2124,2155"
82,43,mandatory_split,2,2,2997.5082,7.26791,533,617,"fuel_3000,ev_3000","366,510,535,536,628,882,1356,1452,1493,1618,1628,1750,1786"
83,44,mandatory_split,1,2,1555.1357,4.05381,541,629,"fuel_3000,ev_3000","303,383,674,690,799,822,831,929,1144,1434"
84,44,mandatory_split,2,2,2997.1732,7.57022,541,629,"fuel_3000,ev_3000","311,327,743,779,795,919,942,999,1117,1183,1191,1201,1294,1359,1385,1437,1479,1513,1782,2064"
85,45,mandatory_split,1,2,2800.3187,8.2536,457,516,"fuel_3000,ev_3000","318,343,447,467,474,485,521,856,886,921,931,1032,1046,1074,1172,1197,1210,1298,1316,1444,1461,1467,1481,1495,1515,1543,1726,1863,1888,1928,2010,2044,2098,2112,2160"
86,45,mandatory_split,2,2,2999.6069,10.15977,457,516,"fuel_3000,ev_3000","603,867,1072,1106,1374,1895,1933,1968"
87,46,mandatory_split,1,3,1243.5699,4.47477,192,251,"fuel_3000,fuel_1500,fuel_1250,ev_3000,ev_1250","336,635,695,817,1021,1157,1227,1277,1504,1549,2022,2077,2151"
88,46,mandatory_split,2,3,380.988,1.20598,192,251,"fuel_3000,fuel_1500,fuel_1250,ev_3000,ev_1250","355,402,658,770,850,1130,1147,1186,1305,1331,1545,1578,1585,1983,2000,2076,2113,2119,2168"
89,46,mandatory_split,3,3,1695.2818,5.20587,192,251,"fuel_3000,ev_3000",1027
90,48,mandatory_split,1,3,2997.2973,7.936744,486,568,"fuel_3000,ev_3000","357,498,533,710,1390"
91,48,mandatory_split,2,3,2999.9331,7.23759,486,568,"fuel_3000,ev_3000","1124,1482,1506,1920,2103"
92,48,mandatory_split,3,3,2601.4972,6.77283,486,568,"fuel_3000,ev_3000","315,325,431,470,471,509,600,623,645,689,761,766,898,956,963,998,1107,1142,1153,1215,1250,1291,1423,1554,1566,1621,1684,1712,1749,1761,1764,2109"
93,49,mandatory_split,1,3,1499.6967,4.33161,306,362,"fuel_3000,fuel_1500,ev_3000","375,392,576,579,895,1062,1216,1339,1343,1526,1579,1619,1902"
94,49,mandatory_split,2,3,1497.0659,5.30088,306,362,"fuel_3000,fuel_1500,ev_3000","552,585,606,785,828,866,941,1169,1196,1351,1446,1460,1822,2039,2106,2146"
95,49,mandatory_split,3,3,1490.0734,3.90646,306,362,"fuel_3000,fuel_1500,ev_3000","415,448,454,609,648,954,1037,1272,1558,1597,1631,1727,1777,1802,1864,1960,2147"
96,50,mandatory_split,1,3,2999.105,6.87562,729,778,"fuel_3000,ev_3000","838,955,1372,1693,1731"
97,50,mandatory_split,2,3,1954.0194,4.660751,729,778,"fuel_3000,ev_3000","345,604,665,711,712,733,758,947,965,1149,1300,1322,1511,1588,1594,1612,1639,1893,1899,2052,2081,2142"
98,50,mandatory_split,3,3,2999.1857,10.03701,729,778,"fuel_3000,ev_3000","374,394,401,480,676,684,716,759,787,892,1137,1163,1240,1266,1290,1806,1837,1877,1896,1911,1974,1981,2035,2038,2092,2096,2122,2144"
99,51,mandatory_split,1,3,1249.2591,2.63726,573,639,"fuel_3000,fuel_1500,fuel_1250,ev_3000,ev_1250","446,450,840,1245,2029"
100,51,mandatory_split,2,3,1006.351212,3.24977,573,639,"fuel_3000,fuel_1500,fuel_1250,ev_3000,ev_1250","304,559,605,612,652,667,681,704,717,727,730,747,796,936,961,972,1006,1217,1237,1306,1323,1369,1389,1416,1419,1420,1438,1521,1541,1556,1691,1714,1728,1812,1875,1887,1918,1932,1976,2001,2116,2166"
101,51,mandatory_split,3,3,1246.334755,3.87228,573,639,"fuel_3000,fuel_1500,fuel_1250,ev_3000,ev_1250","419,524,1407,1546,1569,1815,1856"
102,52,mandatory_split,1,5,1247.9146,2.84981,425,512,"fuel_3000,fuel_1500,fuel_1250,ev_3000,ev_1250","426,671,982"
103,52,mandatory_split,2,5,1445.077986,3.62689,425,512,"fuel_3000,fuel_1500,ev_3000","350,459,565,619,621,627,662,700,762,1126,1252,1571,1610,1650,1722,1740,1748,1788,2021,2031,2154"
104,52,mandatory_split,3,5,1499.7824,5.197427,425,512,"fuel_3000,fuel_1500,ev_3000","331,340,428,494,588,626,709,735,909,928,938,970,1001,1024,1079,1221,1222,1262,1445,1677,1723,1776,1808,1844,1900,1996,2125,2131"
105,52,mandatory_split,4,5,1285.5998,2.69392,425,512,"fuel_3000,fuel_1500,ev_3000",1957
106,52,mandatory_split,5,5,1255.4001,2.79047,425,512,"fuel_3000,fuel_1500,ev_3000",451
107,53,mandatory_split,1,3,2991.351,7.35356,599,652,"fuel_3000,ev_3000","595,713,842,951,1451,1643,1892,2134"
108,53,mandatory_split,2,3,2474.0293,7.8809,599,652,"fuel_3000,ev_3000","378,389,403,420,463,538,664,677,724,726,937,988,1051,1059,1075,1084,1091,1112,1116,1123,1152,1166,1170,1200,1280,1295,1299,1456,1489,1505,1601,1627,1641,1702,1766,1787,1791,1799,1854,1861,1905,2128,2153"
109,53,mandatory_split,3,3,1498.4656,3.52428,599,652,"fuel_3000,fuel_1500,ev_3000","571,1115,1213,1321"
110,54,mandatory_split,1,5,1497.509,3.97463,560,644,"fuel_3000,fuel_1500,ev_3000","319,414,887,1224,1503,1666,2011,2167"
111,54,mandatory_split,2,5,1441.055393,3.17285,560,644,"fuel_3000,fuel_1500,ev_3000","486,625,731,748,846,863,1160,1176,1391,1405,1413,1426,1474,1477,1770,1816,1835,1942,2169"
112,54,mandatory_split,3,5,1499.6911,3.37674,560,644,"fuel_3000,fuel_1500,ev_3000","390,692,824,927,1052,1154,1175,1561,1668,1830,1882,2150"
113,54,mandatory_split,4,5,1494.4491,5.78807,560,644,"fuel_3000,fuel_1500,ev_3000","462,976,1442,1499,1598,1699,1743,1759,1862,1885"
114,54,mandatory_split,5,5,1499.42,3.36063,560,644,"fuel_3000,fuel_1500,ev_3000","379,845,1430,1577,1642,2004"
115,55,mandatory_split,1,5,2999.056,8.033215,595,672,"fuel_3000,ev_3000","876,1101,1168,1287,1595"
116,55,mandatory_split,2,5,1498.5906,3.26315,595,672,"fuel_3000,fuel_1500,ev_3000","661,865,1831"
117,55,mandatory_split,3,5,2999.93,6.45886,595,672,"fuel_3000,ev_3000","860,912,978,1269,2045,2136"
118,55,mandatory_split,4,5,2998.1298,9.638025,595,672,"fuel_3000,ev_3000","328,413,455,483,489,511,532,581,624,707,790,791,869,1156,1182,1287,1342,1587,1608,1615,1720,1789,1795,1807,1987,2089"
119,55,mandatory_split,5,5,1701.9409,4.597829,595,672,"fuel_3000,ev_3000","433,444,556,563,594,718,816,820,847,935,964,1044,1134,1207,1360,1671,1706,1847,1870,1945,2002,2123"
120,56,mandatory_split,1,3,2997.554,6.73779,350,429,"fuel_3000,ev_3000","772,792,1179,1575,1956,2085"
121,56,mandatory_split,2,3,1497.1642,3.16719,350,429,"fuel_3000,fuel_1500,ev_3000","641,1530,1959"
122,56,mandatory_split,3,3,2570.4427,7.82444,350,429,"fuel_3000,ev_3000","404,461,526,583,598,643,666,701,740,767,806,809,1019,1035,1049,1055,1097,1098,1100,1146,1167,1205,1211,1263,1324,1432,1485,1486,1527,1565,1606,1692,1700,1853,1883,1906,1953,1990,1994,2041,2071"
123,57,mandatory_split,1,5,1249.5072,3.40253,398,479,"fuel_3000,fuel_1500,fuel_1250,ev_3000,ev_1250","1073,1310,1312,1840,2049"
124,57,mandatory_split,2,5,1402.9315,4.10264,398,479,"fuel_3000,fuel_1500,ev_3000","313,369,527,551,675,721,959,1141,1236,1246,1417,1582,1674,1747,1767,1922,2008,2030"
125,57,mandatory_split,3,5,1249.116,3.04475,398,479,"fuel_3000,fuel_1500,fuel_1250,ev_3000,ev_1250","479,512,813,948"
126,57,mandatory_split,4,5,1247.5381,3.31334,398,479,"fuel_3000,fuel_1500,fuel_1250,ev_3000,ev_1250","456,543,550,688,776,811,864,878,913,940,962,1095,1178,1491,1659,1680,1741,1772,1967,2020,2161"
127,57,mandatory_split,5,5,1460.5602,3.05127,398,479,"fuel_3000,fuel_1500,ev_3000",1471
128,59,mandatory_split,1,3,2840.12926,7.28808,195,279,"fuel_3000,ev_3000","364,365,384,396,520,542,596,601,622,630,637,696,720,797,885,889,920,971,1038,1090,1118,1151,1161,1335,1376,1418,1475,1500,1510,1533,1540,1590,1593,1604,1613,1624,1670,1821,1886,1907,1909,1936,2051,2056,2101,2130"
129,59,mandatory_split,2,3,2999.335,8.98248,195,279,"fuel_3000,ev_3000","362,777,894,910,1017,1069,1872,1954,2107"
130,59,mandatory_split,3,3,2991.5613,6.97451,195,279,"fuel_3000,ev_3000","745,844,1349,1409,2145"
131,60,mandatory_split,1,4,1499.6398,3.57051,143,216,"fuel_3000,fuel_1500,ev_3000","338,1230,1616"
132,60,mandatory_split,2,4,2995.8584,6.89074,143,216,"fuel_3000,ev_3000","570,734,789,819,1109,1193,1793,1972,2026"
133,60,mandatory_split,3,4,2411.3061,6.98654,143,216,"fuel_3000,ev_3000","353,412,418,442,482,522,577,693,803,829,899,1047,1054,1086,1099,1114,1184,1313,1326,1399,1470,1522,1544,1586,1609,1623,1664,1736,1763,1931,1980,2007,2018,2042,2057,2120,2121"
134,60,mandatory_split,4,4,2999.8249,8.5698,143,216,"fuel_3000,ev_3000","608,1031,1810,1927,1944,2065,2137"
135,61,mandatory_split,1,4,1248.115,2.90538,257,343,"fuel_3000,fuel_1500,fuel_1250,ev_3000,ev_1250","977,1345"
136,61,mandatory_split,2,4,1249.7546,3.981786,257,343,"fuel_3000,fuel_1500,fuel_1250,ev_3000,ev_1250","464,472,656,702,778,1087,1103,1132,1136,1379,1825,1903,1934,2015,2059"
137,61,mandatory_split,3,4,2047.8,4.96716,257,343,"fuel_3000,ev_3000",1529
138,61,mandatory_split,4,4,1468.3959,6.95016,257,343,"fuel_3000,fuel_1500,ev_3000","439,555,659,660,708,788,810,975,1067,1080,1108,1241,1251,1469,1535,1555,1838,2099,2143"
139,62,mandatory_split,1,3,2998.0621,10.05773,671,721,"fuel_3000,ev_3000","373,610,614,639,719,858,893,1131,1234,1550,1596,1676,1762,1824,1908,1963,2091"
140,62,mandatory_split,2,3,2807.9943,7.725443,671,721,"fuel_3000,ev_3000","344,377,421,435,440,481,496,572,584,592,597,744,764,871,903,915,922,987,1014,1028,1030,1111,1145,1194,1337,1367,1412,1421,1422,1507,1514,1580,1603,1729,1746,1779,1811,1866,1878,1965,1973"
141,62,mandatory_split,3,3,2998.238,7.3775,671,721,"fuel_3000,ev_3000","508,1361,1629,1713,1845"
142,63,mandatory_split,1,3,2999.7849,7.85085,472,554,"fuel_3000,ev_3000","939,1036,1487,1553,1995"
143,63,mandatory_split,2,3,2696.7101,7.52466,472,554,"fuel_3000,ev_3000","301,341,422,429,458,488,500,505,634,644,647,705,706,774,814,851,890,891,932,1041,1092,1093,1180,1181,1243,1318,1354,1364,1645,1734,1751,1868,1873,1926,1947,2063,2067,2118,2156"
144,63,mandatory_split,3,3,2996.495,8.40234,472,554,"fuel_3000,ev_3000","715,966,1209,1478,1738,1781,2086,2165"
145,64,mandatory_split,1,3,2855.6487,7.21082,369,425,"fuel_3000,ev_3000","367,376,411,515,528,566,636,680,687,714,738,756,798,815,880,985,1016,1025,1244,1334,1336,1378,1436,1483,1538,1547,1665,1681,1694,1754,1792,1813,1848,1849,1929,1977,2050,2093"
146,64,mandatory_split,2,3,2997.0114,7.28491,369,425,"fuel_3000,ev_3000","391,1066,1171,1826,1914,2072,2083"
147,64,mandatory_split,3,3,2997.1071,7.00095,369,425,"fuel_3000,ev_3000","691,1951,2043,2164"
148,65,mandatory_split,1,5,1498.1363,5.01876,477,563,"fuel_3000,fuel_1500,ev_3000","358,381,557,631,755,782,1110,1265,1282,1317,1366,1392,1660,1732,1958,2062,2097"
149,65,mandatory_split,2,5,1249.7897,2.12534,477,563,"fuel_3000,fuel_1500,fuel_1250,ev_3000,ev_1250","349,979,1013,2088"
150,65,mandatory_split,3,5,1266.0502,3.214783,477,563,"fuel_3000,fuel_1500,ev_3000",1721
151,65,mandatory_split,4,5,1248.9692,3.36271,477,563,"fuel_3000,fuel_1500,fuel_1250,ev_3000,ev_1250","1725,1737,1930"
152,65,mandatory_split,5,5,1289.6413,4.2575,477,563,"fuel_3000,fuel_1500,ev_3000","460,531,541,568,569,633,640,649,722,723,807,888,904,916,993,1061,1135,1271,1281,1325,1403,1464,1576,1589,1913,1948,1950,2115,2141"
153,68,mandatory_split,1,4,1495.6782,3.40098,631,708,"fuel_3000,fuel_1500,ev_3000","699,1082,1605"
154,68,mandatory_split,2,4,2922.536,7.12387,631,708,"fuel_3000,ev_3000","326,346,410,417,546,575,650,725,729,754,784,870,918,990,992,1007,1104,1150,1159,1164,1187,1394,1398,1402,1424,1599,1648,1773,1784,1839,1916,1924,1937,1940,2005,2048,2133"
155,68,mandatory_split,3,4,1498.165,3.19567,631,708,"fuel_3000,fuel_1500,ev_3000","646,832,1352,1532,1634"
156,68,mandatory_split,4,4,1498.6082,3.71238,631,708,"fuel_3000,fuel_1500,ev_3000","372,703,1381,1827,2117"
157,70,mandatory_split,1,2,2693.9674,8.73545,216,275,"fuel_3000,ev_3000","329,332,333,425,432,465,478,517,669,678,682,753,950,981,986,996,1083,1102,1203,1220,1302,1328,1370,1410,1435,1508,1520,1673,1695,1698,1756,1817,1901,1910,1925,1952"
158,70,mandatory_split,2,2,2980.6836,7.63028,216,275,"fuel_3000,ev_3000","424,502,943,1465,1468,1570"
159,71,mandatory_split,1,3,1247.3338,4.84749,679,765,"fuel_3000,fuel_1500,fuel_1250,ev_3000,ev_1250","1018,1071,1285,1332,1431,1855,1939,2014"
160,71,mandatory_split,2,3,449.235,1.61952,679,765,"fuel_3000,fuel_1500,fuel_1250,ev_3000,ev_1250","309,406,573,599,616,673,1113,1257,1457,1563,1975,1979"
161,71,mandatory_split,3,3,1370.5,3.57659,679,765,"fuel_3000,fuel_1500,ev_3000",825
162,73,mandatory_split,1,3,507.236495,1.74231,322,377,"fuel_3000,fuel_1500,fuel_1250,ev_3000,ev_1250","348,534,537,841,1053,1057,1068,1125,1214,1219,1235,1375,1408,1428,1525,1611,1644,1898,1919,2129"
163,73,mandatory_split,2,3,1248.095,2.62153,322,377,"fuel_3000,fuel_1500,fuel_1250,ev_3000,ev_1250","388,423,519,823,1567,1843"
164,73,mandatory_split,3,3,1247.8439,3.18236,322,377,"fuel_3000,fuel_1500,fuel_1250,ev_3000,ev_1250","307,525,1600"
165,74,mandatory_split,1,3,1434.12,3.67297,311,370,"fuel_3000,fuel_1500,ev_3000","438,615,670,1003,1060,1383,1386,1476,1842,1982,2053"
166,74,mandatory_split,2,3,1490.4,3.43674,311,370,"fuel_3000,fuel_1500,ev_3000",561
167,74,mandatory_split,3,3,1493.528634,3.82901,311,370,"fuel_3000,fuel_1500,ev_3000","408,926,1128,1148,1226,1340,1371,1881,1989,1997,2036,2058"
168,75,mandatory_split,1,2,2002.2001,4.48628,385,465,"fuel_3000,ev_3000",750
169,75,mandatory_split,2,2,1015.2405,3.37124,385,465,"fuel_3000,fuel_1500,fuel_1250,ev_3000,ev_1250","613,900,957,1002,1034,1042,1064,1173,1223,1259,1350,1440,1626,1651,1753,1765,1771,1949,1970,2087"
